{
    "vertices": [1,-0.187391,-1.31442,0,-0.187391,1.62322,-1,-0.187391,-1.31442,0,1.81261,-0.538034,0.468879,0.989942,0.262087,-0.510049,0.965973,0.225103,1.15146,-0.187391,0.154402,-1.15146,-0.187391,0.154402,0,0.379736,1.25567],
    "normals": [0.650502,-0.373974,-0.661,0.000122,0.980529,-0.196204,0.58977,0.690512,0.418653,0.867641,-0.445021,0.221564,-0.000732,0.612171,0.790704,0,-0.35551,0.93466,-0.629658,0.668874,0.395093,-0.645802,-0.373852,-0.66567,-0.867244,-0.446547,0.220069],
    "faces": [33,0,3,4,6,0,1,2,3,33,6,4,8,1,3,2,4,5,32,8,4,5,4,2,6,32,3,0,2,1,0,7,32,4,3,5,2,1,6,33,1,8,5,7,5,4,6,8,32,0,7,2,0,8,7,32,6,1,7,3,5,8,32,0,6,7,0,3,8,33,2,7,5,3,7,8,6,1],
    "uvs": [],
    "name": "CubeGeometry.1",
    "metadata": {
        "type": "Geometry",
        "vertices": 9,
        "generator": "io_three",
        "normals": 9,
        "faces": 10,
        "uvs": 0,
        "version": 3
    }
}